,Image_Name,No,IOU,Confidence,True or False
0,consau (129).jpg,0,0.9875172250028179,0.9321781,TP
1,consau (129).jpg,1,0.9568034804980533,0.9231619,TP
2,consau (132).jpg,0,0.9934951432768783,0.9465471,TP
3,consau (132).jpg,1,0.999655057372385,0.9354912,TP
4,consau (132).jpg,2,0.9924161966848696,0.9284031,TP
5,consau (132).jpg,3,0.9907011087623303,0.8867324,TP
6,consau (132).jpg,4,0.9799700991447567,0.71463174,TP
7,consau (153).jpg,0,0.9521759177695419,0.8108954,TP
8,consau (175).jpg,0,0.9890325453643073,0.93825066,TP
9,consau (175).jpg,1,0.9842816958764704,0.91318715,TP
10,consau (178).jpg,0,0.990887302220685,0.9401249,TP
11,consau (178).jpg,1,0.963182454481193,0.7443378,TP
12,consau (178).jpg,2,0.9687385397001623,0.7148512,TP
13,consau (186).jpg,0,0.9761870993970629,0.9662731,TP
14,consau (186).jpg,1,0.9878216998108862,0.8224358,TP
15,consau (187).jpg,0,0.993935228158246,0.94397354,TP
16,consau (187).jpg,1,0.9940930472089152,0.9242606,TP
17,consau (188).jpg,0,0.9940723997577917,0.9594565,TP
18,consau (196).jpg,0,0.27884173421671826,0.837428,FP
19,consau (196).jpg,1,0.9166897402552532,0.79893297,TP
20,consau (198).jpg,0,0.9908072709649801,0.9362139,TP
21,consau (198).jpg,1,0.9783185713155874,0.89620286,TP
22,consau (198).jpg,2,0.9709934638669868,0.7389492,TP
23,consau (200).jpg,0,0.9954729501084917,0.9312537,TP
24,consau (200).jpg,1,0.9973730236327412,0.9223201,TP
25,consau (203).jpg,0,0.9901485595668221,0.96482706,TP
26,consau (203).jpg,1,0.9833722483442383,0.9582874,TP
27,consau (203).jpg,2,0.9841905697855567,0.8694457,TP
28,consau (203).jpg,3,0.9922951164239694,0.7295853,TP
29,consau (226).jpg,0,0.9942088990386978,0.81498003,TP
30,consau (226).jpg,1,0.8833400404080172,0.7518505,TP
31,consau (241).jpg,0,0.969484441619536,0.8297429,TP
32,consau (79).jpg,0,0.9880448729194159,0.93555105,TP
33,consau (79).jpg,1,0.9921393607448886,0.91197586,TP
34,consau (79).jpg,2,0.9623660551624615,0.9068161,TP
35,consau (79).jpg,3,0.9136737681485188,0.76425046,TP
36,consau (79).jpg,4,0.9977246400883483,0.71803904,TP
37,consau (96).jpg,0,0.995615639030876,0.93680525,TP
38,consau (96).jpg,1,0.9949564655180541,0.93664795,TP
39,consau (96).jpg,2,0.9720820452072096,0.91040975,TP
40,consau (96).jpg,3,0.975190136320191,0.87859476,TP
41,cropped_thai_104.jpg,0,0.9825200726497504,0.94711846,TP
42,cropped_thai_104.jpg,1,0.9716677312581012,0.9323598,TP
43,cropped_thai_104.jpg,2,0.9426786710891998,0.9040348,TP
44,cropped_thai_104.jpg,3,0.9564837746292831,0.9018409,TP
45,cropped_thai_104.jpg,4,0.9955521622372926,0.87231624,TP
46,cropped_thai_26.jpg,0,0.9826124781781662,0.95911735,TP
47,cropped_thai_26.jpg,1,0.9084132947955391,0.9473893,TP
48,cropped_thai_26.jpg,2,0.9954401948480371,0.94069415,TP
49,cropped_thai_26.jpg,3,0.9067405767781793,0.81566054,TP
50,cropped_thai_35.jpg,0,0.9602402650929796,0.94633734,TP
51,cropped_thai_35.jpg,1,0.9856959496329307,0.94206333,TP
52,cropped_thai_36.jpg,0,0.9671030848970055,0.9445789,TP
53,cropped_thai_36.jpg,1,0.9822740435089853,0.9398187,TP
54,cropped_thai_36.jpg,2,0.9691960598719361,0.9288254,TP
55,cropped_thai_61.jpg,0,0.9027571436567462,0.9502629,TP
56,cropped_thai_61.jpg,1,0.9848192481495455,0.9497628,TP
57,cropped_thai_61.jpg,2,0.9973782056958609,0.946375,TP
58,cropped_thai_61.jpg,3,0.9882255911662282,0.9344534,TP
59,cropped_thai_69.jpg,0,0.9952288254276512,0.9330755,TP
60,cropped_thai_69.jpg,1,0.9956673727274554,0.90954494,TP
61,cropped_thai_69.jpg,2,0.9905174558186106,0.88906336,TP
62,cropped_thai_69.jpg,3,0.9907674472420912,0.87620157,TP
63,cropped_thai_69.jpg,4,0.9545830878039661,0.7951055,TP
64,cropped_thai_71.jpg,0,0.9946965183592797,0.9394869,TP
65,cropped_thai_71.jpg,1,0.9945229484038206,0.92746294,TP
66,cropped_thai_71.jpg,2,0.9006099740905519,0.9134532,TP
67,cropped_thai_71.jpg,3,0.9866686108795667,0.82641464,TP
68,cropped_thai_83.jpg,0,0.9862872378790483,0.94796646,TP
69,cropped_thai_83.jpg,1,0.9850374534935293,0.93608594,TP
70,cropped_thai_83.jpg,2,0.9469181543793108,0.93578076,TP
71,dendo (18).jpg,0,0.9818992634360352,0.9162267,TP
72,dendo (18).jpg,1,0.9680782594397004,0.8792938,TP
73,dendo (25).jpg,0,0.9920598034097232,0.91190475,TP
74,dendo (37).jpg,0,0.9897723834106864,0.93191683,TP
75,dendo (37).jpg,1,0.9842983670262361,0.9216538,TP
76,dendo (37).jpg,2,0.9865535711085357,0.9041819,TP
77,dendo (37).jpg,3,0.9929064749137256,0.8922138,TP
78,dendo (37).jpg,4,0.9709993840879895,0.8743594,TP
79,dendo (37).jpg,5,0.6013209810836839,0.8698541,TP
80,dendo (38).jpg,0,0.9838850480570127,0.9482516,TP
81,dendo (38).jpg,1,0.9946753981897062,0.9338239,TP
82,dendo (38).jpg,2,0.9746628325377839,0.75572467,TP
83,dendo (38).jpg,3,0.9885766533259428,0.7146668,TP
84,img_UIT_111.jpg,0,0.9862247954915613,0.9047696,TP
85,img_UIT_111.jpg,1,0.9836539563373027,0.7826594,TP
86,img_UIT_120.jpg,0,0.994968246094537,0.9525902,TP
87,img_UIT_120.jpg,1,0.9898529816824411,0.944533,TP
88,img_UIT_120.jpg,2,0.989365217701192,0.93783486,TP
89,img_UIT_120.jpg,3,0.9978941617964193,0.93516815,TP
90,img_UIT_120.jpg,4,0.9971302301152579,0.9097842,TP
91,img_UIT_120.jpg,5,0.9151788920015057,0.88018,TP
92,img_UIT_120.jpg,6,0.9774038837521308,0.852523,TP
93,img_UIT_120.jpg,7,0.9787355774208848,0.84441817,TP
94,img_UIT_120.jpg,8,0.99149761353806,0.82983035,TP
95,img_UIT_133.jpg,0,0.993784765456082,0.95211154,TP
96,img_UIT_133.jpg,1,0.992566230417517,0.94830984,TP
97,img_UIT_133.jpg,2,0.9682027752030701,0.94651634,TP
98,img_UIT_133.jpg,3,0.9775465448037679,0.87802166,TP
99,img_UIT_134.jpg,0,0.9935107092236526,0.9103232,TP
100,img_UIT_138.jpg,0,0.9962548968495614,0.8852083,TP
101,img_UIT_138.jpg,1,0.9831577044800472,0.8796879,TP
102,img_UIT_155.jpg,0,0.9858649698058202,0.95001286,TP
103,img_UIT_155.jpg,1,0.978896787581692,0.93370885,TP
104,img_UIT_155.jpg,2,0.9822500653545149,0.93290615,TP
105,img_UIT_155.jpg,3,0.9886345689451828,0.7541168,TP
106,img_UIT_172.jpg,0,0.9948872652865941,0.9620176,TP
107,img_UIT_172.jpg,1,0.9861781015650831,0.9321951,TP
108,img_UIT_184.jpg,0,0.9924555284939001,0.95166135,TP
109,img_UIT_184.jpg,1,0.9955188867768229,0.91820437,TP
110,img_UIT_184.jpg,2,0.9687421042525148,0.82702327,TP
111,img_UIT_184.jpg,3,0.0,0.7046202,FP
112,img_UIT_185.jpg,0,0.9727593380986826,0.9512943,TP
113,img_UIT_191.jpg,0,0.9921989577462993,0.9212758,TP
114,img_UIT_191.jpg,1,0.9691773303510949,0.80736727,TP
115,img_UIT_191.jpg,2,0.965070645768673,0.8056533,TP
116,img_UIT_2.jpg,0,0.9836205401921867,0.9533552,TP
117,img_UIT_2.jpg,1,0.9836941266254766,0.94969296,TP
118,img_UIT_2.jpg,2,0.9811330928360655,0.9131943,TP
119,img_UIT_2.jpg,3,0.9712384377861811,0.8942179,TP
120,img_UIT_2.jpg,4,0.9976735330860833,0.8738918,TP
121,img_UIT_2.jpg,5,0.9777170953775831,0.8518013,TP
122,img_UIT_200.jpg,0,0.9849024287587478,0.79478353,TP
123,img_UIT_205.jpg,0,0.9954762983146268,0.9578449,TP
124,img_UIT_205.jpg,1,0.9687223836643586,0.9496488,TP
125,img_UIT_205.jpg,2,0.9895389653884027,0.94071335,TP
126,img_UIT_205.jpg,3,0.9825579998221784,0.8707674,TP
127,img_UIT_205.jpg,4,0.9800216175137038,0.8502144,TP
128,img_UIT_205.jpg,5,0.994376250862658,0.8480076,TP
129,img_UIT_206.jpg,0,0.9944826117285714,0.91482854,TP
130,img_UIT_206.jpg,1,0.9841711357996482,0.7985705,TP
131,img_UIT_215.jpg,0,0.9890939124820642,0.83244824,TP
132,img_UIT_215.jpg,1,0.6724842130210199,0.8224325,TP
133,img_UIT_24.jpg,0,0.9693815243545009,0.9444255,TP
134,img_UIT_24.jpg,1,0.9659329993428718,0.9125264,TP
135,img_UIT_24.jpg,2,0.9938574228291237,0.91173446,TP
136,img_UIT_24.jpg,3,0.9989043470141359,0.8963914,TP
137,img_UIT_24.jpg,4,0.9912483593447006,0.79751384,TP
138,img_UIT_252.jpg,0,0.9923888077550356,0.96126544,TP
139,img_UIT_252.jpg,1,0.9900239014651377,0.9403248,TP
140,img_UIT_252.jpg,2,0.9981156017740402,0.9295195,TP
141,img_UIT_252.jpg,3,0.9872963846760927,0.89419913,TP
142,img_UIT_252.jpg,4,0.988835561361888,0.77437407,TP
143,img_UIT_253.jpg,0,0.982954862574628,0.94876254,TP
144,img_UIT_253.jpg,1,0.9886764859636384,0.9364118,TP
145,img_UIT_253.jpg,2,0.9873764209946437,0.88545805,TP
146,img_UIT_253.jpg,3,0.6901738420805785,0.7777317,TP
147,img_UIT_256.jpg,0,0.9904695814543079,0.95322174,TP
148,img_UIT_256.jpg,1,0.9959819740076062,0.9521176,TP
149,img_UIT_256.jpg,2,0.9904310445604327,0.9421953,TP
150,img_UIT_256.jpg,3,0.9863188103178424,0.9314994,TP
151,img_UIT_256.jpg,4,0.9865457257781782,0.7691502,TP
152,img_UIT_259.jpg,0,0.9918531468258525,0.9104335,TP
153,img_UIT_259.jpg,1,0.9919068106883102,0.8910803,TP
154,img_UIT_259.jpg,2,0.6607920805954732,0.83071893,TP
155,img_UIT_259.jpg,3,0.9788319102927586,0.7304257,TP
156,img_UIT_260.jpg,0,0.9950363321633342,0.94772583,TP
157,img_UIT_260.jpg,1,0.9908487661335813,0.9299987,TP
158,img_UIT_260.jpg,2,0.31884098770313246,0.8778165,FP
159,img_UIT_265.jpg,0,0.9905853180575679,0.93631274,TP
160,img_UIT_273.jpg,0,0.9854234535576187,0.9079661,TP
161,img_UIT_273.jpg,1,0.994942511902854,0.8963665,TP
162,img_UIT_273.jpg,2,0.9694349864212669,0.8949538,TP
163,img_UIT_273.jpg,3,0.9947739552292242,0.8248109,TP
164,img_UIT_273.jpg,4,0.9931953301335028,0.74025816,TP
165,img_UIT_293.jpg,0,0.9404223649042868,0.8892121,TP
166,img_UIT_293.jpg,1,0.9651236199188363,0.87842864,TP
167,img_UIT_293.jpg,2,0.9603313370307343,0.7047826,TP
168,img_UIT_3.jpg,0,0.9969818365746433,0.9497593,TP
169,img_UIT_3.jpg,1,0.9965428773239504,0.94202,TP
170,img_UIT_3.jpg,2,0.9778206237067442,0.9411425,TP
171,img_UIT_3.jpg,3,0.9896791899515848,0.91688085,TP
172,img_UIT_3.jpg,4,0.7632870036178455,0.77898103,TP
173,img_UIT_302.jpg,0,0.9810919846396369,0.9377176,TP
174,img_UIT_302.jpg,1,0.9794548716428785,0.9028608,TP
175,img_UIT_302.jpg,2,0.9871067964924031,0.8818042,TP
176,img_UIT_303.jpg,0,0.9749907303289564,0.7888812,TP
177,img_UIT_333.jpg,0,0.9839093513332837,0.9576339,TP
178,img_UIT_333.jpg,1,0.9885693823420052,0.90846306,TP
179,img_UIT_334.jpg,0,0.9930150065567785,0.9562485,TP
180,img_UIT_334.jpg,1,0.9887598843159352,0.9175122,TP
181,img_UIT_334.jpg,2,0.99945411725061,0.8685146,TP
182,img_UIT_339.jpg,0,0.9858578074902961,0.86468107,TP
183,img_UIT_339.jpg,1,0.9852398185067139,0.8545984,TP
184,img_UIT_339.jpg,2,0.9634540973562739,0.84692246,TP
185,img_UIT_342.jpg,0,0.9940169091694284,0.9541136,TP
186,img_UIT_342.jpg,1,0.991473359637941,0.93751264,TP
187,img_UIT_342.jpg,2,0.9990917032922413,0.93669635,TP
188,img_UIT_342.jpg,3,0.9811979881733003,0.93613666,TP
189,img_UIT_342.jpg,4,0.996420917162162,0.92384094,TP
190,img_UIT_342.jpg,5,0.9992151605897642,0.9035153,TP
191,img_UIT_342.jpg,6,0.9810531358025626,0.8877881,TP
192,img_UIT_342.jpg,7,0.0,0.8600199,FP
193,img_UIT_342.jpg,8,0.9836731760269558,0.78282994,TP
194,img_UIT_342.jpg,9,0.9701649051930348,0.7817042,TP
195,img_UIT_342.jpg,10,0.9968168051023525,0.7751644,TP
196,img_UIT_368.jpg,0,0.994161015072382,0.9471582,TP
197,img_UIT_368.jpg,1,0.9849366900317673,0.94174355,TP
198,img_UIT_368.jpg,2,0.9955448628270498,0.934364,TP
199,img_UIT_368.jpg,3,0.995476218865628,0.92993313,TP
200,img_UIT_368.jpg,4,0.9783020363497897,0.92870164,TP
201,img_UIT_368.jpg,5,0.9555410289148455,0.9254991,TP
202,img_UIT_368.jpg,6,0.9971806898348065,0.9225412,TP
203,img_UIT_368.jpg,7,0.9857343528522584,0.91790324,TP
204,img_UIT_368.jpg,8,0.9932793521053868,0.86504745,TP
205,img_UIT_368.jpg,9,0.983325487423287,0.80007476,TP
206,img_UIT_374.jpg,0,0.9972365797552677,0.9649924,TP
207,img_UIT_374.jpg,1,0.9867709756372698,0.9047737,TP
208,img_UIT_375.jpg,0,0.9979547279238965,0.9402462,TP
209,img_UIT_375.jpg,1,0.9788234794413309,0.92019916,TP
210,img_UIT_375.jpg,2,0.9675889170593975,0.9131351,TP
211,img_UIT_376.jpg,0,0.9601886154474805,0.914356,TP
212,img_UIT_379.jpg,0,0.9735267324568933,0.9418166,TP
213,img_UIT_379.jpg,1,0.9842539954601167,0.94036496,TP
214,img_UIT_379.jpg,2,0.9744862314072272,0.930605,TP
215,img_UIT_379.jpg,3,0.9937570168630406,0.90950483,TP
216,img_UIT_379.jpg,4,0.9936189275751582,0.83685446,TP
217,img_UIT_379.jpg,5,0.9867038030959351,0.7317093,TP
218,img_UIT_4.jpg,0,0.9752753537487681,0.9491679,TP
219,img_UIT_4.jpg,1,0.9696393872202699,0.923861,TP
220,img_UIT_40.jpg,0,0.97085625837651,0.94967735,TP
221,img_UIT_402.jpg,0,0.9862544673631708,0.9323006,TP
222,img_UIT_402.jpg,1,0.9885936257563408,0.9185342,TP
223,img_UIT_402.jpg,2,0.9556746721582093,0.9143796,TP
224,img_UIT_405.jpg,0,0.9918130375114692,0.93173146,TP
225,img_UIT_405.jpg,1,0.9678734414072382,0.91129535,TP
226,img_UIT_406.jpg,0,0.9931633275945043,0.951352,TP
227,img_UIT_406.jpg,1,0.9796579116686487,0.94361657,TP
228,img_UIT_406.jpg,2,0.9932018079021095,0.92502135,TP
229,img_UIT_413.jpg,0,0.9960348065181301,0.930894,TP
230,img_UIT_413.jpg,1,0.9797760198180999,0.91935295,TP
231,img_UIT_413.jpg,2,0.9800384315681104,0.851029,TP
232,img_UIT_417.jpg,0,0.9647396044251514,0.80192745,TP
233,img_UIT_417.jpg,1,0.9857001041793242,0.7531013,TP
234,img_UIT_423.jpg,0,0.977644870991117,0.94761467,TP
235,img_UIT_423.jpg,1,0.9880176195377153,0.94478405,TP
236,img_UIT_423.jpg,2,0.9818496031777355,0.938637,TP
237,img_UIT_423.jpg,3,0.9890556991451617,0.931684,TP
238,img_UIT_423.jpg,4,0.9937519851259271,0.8903047,TP
239,img_UIT_423.jpg,5,0.9780051360593897,0.8884568,TP
240,img_UIT_423.jpg,6,0.75100061877901,0.7253001,TP
241,img_UIT_437.jpg,0,0.9773253174114871,0.9389677,TP
242,img_UIT_437.jpg,1,0.9810725223237824,0.9152178,TP
243,img_UIT_437.jpg,2,0.9731877580422513,0.876152,TP
244,img_UIT_437.jpg,3,0.5461716175134489,0.7646704,TP
245,img_UIT_456.jpg,0,0.9869465482586941,0.94201636,TP
246,img_UIT_456.jpg,1,0.2512936564629476,0.7480312,FP
247,img_UIT_473.jpg,0,0.9948512215087558,0.9341303,TP
248,img_UIT_501.jpg,0,0.9891169124514451,0.93825364,TP
249,img_UIT_501.jpg,1,0.9843622756194815,0.92907715,TP
250,img_UIT_501.jpg,2,0.9943252893551843,0.9142358,TP
251,img_UIT_501.jpg,3,0.9914498812216795,0.9084631,TP
252,img_UIT_501.jpg,4,0.9903601780650272,0.8977451,TP
253,img_UIT_512.jpg,0,0.9897812036825736,0.961399,TP
254,img_UIT_512.jpg,1,0.9811405530280226,0.9557685,TP
255,img_UIT_512.jpg,2,0.9843361686547556,0.95111686,TP
256,img_UIT_512.jpg,3,0.9882864371374078,0.9336143,TP
257,img_UIT_512.jpg,4,0.9203992259112657,0.931258,TP
258,img_UIT_512.jpg,5,0.9982598396224197,0.93037647,TP
259,img_UIT_512.jpg,6,0.9862710753316488,0.9162571,TP
260,img_UIT_512.jpg,7,0.9863020589835577,0.9016929,TP
261,img_UIT_512.jpg,8,0.7866606441132712,0.89462477,TP
262,img_UIT_512.jpg,9,0.979340209996509,0.8844192,TP
263,img_UIT_514.jpg,0,0.991490634941542,0.9439207,TP
264,img_UIT_514.jpg,1,0.9696017062647828,0.93647754,TP
265,img_UIT_514.jpg,2,0.9864190616802184,0.9352662,TP
266,img_UIT_514.jpg,3,0.9423009913496873,0.9348773,TP
267,img_UIT_514.jpg,4,0.9840577785956198,0.9245277,TP
268,img_UIT_514.jpg,5,0.9891575816766112,0.9058282,TP
269,img_UIT_514.jpg,6,0.9964003548450721,0.9035953,TP
270,img_UIT_514.jpg,7,0.5098104077683656,0.8554095,TP
271,img_UIT_514.jpg,8,0.930000434879005,0.7679762,TP
272,img_UIT_519.jpg,0,0.9929598615319061,0.9417095,TP
273,img_UIT_519.jpg,1,0.9951612157448427,0.92013866,TP
274,img_UIT_519.jpg,2,0.9694918470666752,0.82709515,TP
275,img_UIT_537.jpg,0,0.9912290828679787,0.93743956,TP
276,img_UIT_537.jpg,1,0.9874997659935336,0.81918794,TP
277,img_UIT_537.jpg,2,0.05828673339061044,0.78406197,FP
278,img_UIT_538.jpg,0,0.9526382178347368,0.95635515,TP
279,img_UIT_538.jpg,1,0.989614281418515,0.9396134,TP
280,img_UIT_538.jpg,2,0.9875489220421999,0.9387289,TP
281,img_UIT_538.jpg,3,0.9719507406582136,0.93633294,TP
282,img_UIT_538.jpg,4,0.9759527432435577,0.9341224,TP
283,img_UIT_538.jpg,5,0.9929191769069106,0.92645246,TP
284,img_UIT_538.jpg,6,0.9866727249169082,0.9235735,TP
285,img_UIT_538.jpg,7,0.9864329641396511,0.920571,TP
286,img_UIT_538.jpg,8,0.984112430051472,0.91177624,TP
287,img_UIT_538.jpg,9,0.9829927220681134,0.9109801,TP
288,img_UIT_538.jpg,10,0.9828380467478605,0.9064635,TP
289,img_UIT_538.jpg,11,0.9907959988158815,0.90196335,TP
290,img_UIT_553.jpg,0,0.990169752736852,0.94359636,TP
291,img_UIT_553.jpg,1,0.9936417819136087,0.7057394,TP
292,img_UIT_56.jpg,0,0.9934970342218746,0.9379367,TP
293,img_UIT_56.jpg,1,0.9833237083732947,0.9199786,TP
294,img_UIT_56.jpg,2,0.9740375478530799,0.87974495,TP
295,img_UIT_56.jpg,3,0.9445951583872164,0.8618519,TP
296,img_UIT_56.jpg,4,0.9807122853295882,0.8289027,TP
297,img_UIT_56.jpg,5,0.9736633171806266,0.76663107,TP
298,img_UIT_597.jpg,0,0.9791548678149496,0.9589716,TP
299,img_UIT_597.jpg,1,0.9819426493454131,0.935947,TP
300,img_UIT_597.jpg,2,0.9811975971480117,0.93511844,TP
301,img_UIT_597.jpg,3,0.9825029158244806,0.9028693,TP
302,img_UIT_597.jpg,4,0.9767986286859862,0.88881063,TP
303,img_UIT_605.jpg,0,0.9881723788068629,0.95565856,TP
304,img_UIT_605.jpg,1,0.9918081132633373,0.9526792,TP
305,img_UIT_605.jpg,2,0.9876090540429272,0.95238405,TP
306,img_UIT_605.jpg,3,0.9895307203134267,0.94541365,TP
307,img_UIT_605.jpg,4,0.9882035066718854,0.93656373,TP
308,img_UIT_605.jpg,5,0.9942731919421444,0.9081986,TP
309,img_UIT_605.jpg,6,0.963312760893473,0.90789866,TP
310,img_UIT_605.jpg,7,0.6581028284051597,0.8702541,TP
311,img_UIT_605.jpg,8,0.0,0.8002011,FP
312,img_UIT_605.jpg,9,0.4665168300375092,0.7523991,FP
313,img_UIT_615.jpg,0,0.9912758511358882,0.94880563,TP
314,img_UIT_615.jpg,1,0.9813011427061176,0.9423753,TP
315,img_UIT_615.jpg,2,0.9853129868672645,0.9370327,TP
316,img_UIT_615.jpg,3,0.9761103243060669,0.9339731,TP
317,img_UIT_615.jpg,4,0.9933868694192517,0.9323358,TP
318,img_UIT_615.jpg,5,0.9958786908557012,0.9216,TP
319,img_UIT_615.jpg,6,0.9828159722018558,0.8674038,TP
320,img_UIT_615.jpg,7,0.9841518158060651,0.8366093,TP
321,img_UIT_618.jpg,0,0.9869880818477109,0.94044685,TP
322,img_UIT_618.jpg,1,0.9967765501907879,0.9334814,TP
323,img_UIT_618.jpg,2,0.9927744042222668,0.922954,TP
324,img_UIT_618.jpg,3,0.9856208339082493,0.8650733,TP
325,img_UIT_618.jpg,4,0.9858932783652274,0.8544443,TP
326,img_UIT_649.jpg,0,0.9905360940607815,0.9490665,TP
327,img_UIT_649.jpg,1,0.9791503917062219,0.93892896,TP
328,img_UIT_649.jpg,2,0.9831217960432147,0.9262638,TP
329,img_UIT_649.jpg,3,0.9819434348059581,0.9259553,TP
330,img_UIT_649.jpg,4,0.9923659337694788,0.9205386,TP
331,img_UIT_649.jpg,5,0.9908899975718355,0.88986284,TP
332,img_UIT_650.jpg,0,0.9872398079176432,0.9463656,TP
333,img_UIT_650.jpg,1,0.9885963648175348,0.8984946,TP
334,img_UIT_68.jpg,0,0.9909405480596836,0.953212,TP
335,img_UIT_68.jpg,1,0.9972634367999779,0.95278716,TP
336,img_UIT_68.jpg,2,0.3192655502142135,0.82151204,FP
337,img_UIT_68.jpg,3,0.960808997102887,0.8140578,TP
338,img_UIT_72.jpg,0,0.9629736837779173,0.90562046,TP
339,img_UIT_74.jpg,0,0.9855789578608543,0.9307921,TP
340,img_UIT_74.jpg,1,0.9629159221976316,0.90550745,TP
341,img_UIT_74.jpg,2,0.974951388767274,0.88737154,TP
342,img_UIT_76.jpg,0,0.995339830793365,0.9555254,TP
343,img_UIT_78.jpg,0,0.9964237540966749,0.95875096,TP
344,img_UIT_78.jpg,1,0.944157599304547,0.8503306,TP
345,img_UIT_80.jpg,0,0.987119151189522,0.9336047,TP
346,img_UIT_80.jpg,1,0.9822418242632798,0.8456063,TP
347,img_UIT_90.jpg,0,0.9986421492775821,0.9407272,TP
348,img_UIT_90.jpg,1,0.9922320364547488,0.8752035,TP
349,img_UIT_90.jpg,2,0.9759691426094543,0.81266373,TP
350,img_UIT_90.jpg,3,0.9572221934002726,0.80223376,TP
351,split_thai103.jpg,0,0.9805543047016496,0.94769764,TP
352,split_thai103.jpg,1,0.9907491310825347,0.9391802,TP
353,split_thai103.jpg,2,0.3745513584947436,0.8577634,FP
354,split_thai103.jpg,3,0.9795128595471958,0.84282106,TP
355,split_thai103.jpg,4,0.7326871884009675,0.7874654,TP
356,split_thai130.jpg,0,0.9706203843894764,0.9487441,TP
357,split_thai130.jpg,1,0.9295333976184393,0.9473441,TP
358,split_thai130.jpg,2,0.9862267544381945,0.94301826,TP
359,split_thai140.jpg,0,0.9860971319895294,0.95126647,TP
360,split_thai140.jpg,1,0.951692474351884,0.917391,TP
361,split_thai168.jpg,0,0.9754246327754145,0.9444599,TP
362,split_thai210.jpg,0,0.984235687330911,0.94948363,TP
363,split_thai210.jpg,1,0.9965958959376754,0.9445047,TP
364,split_thai210.jpg,2,0.9865580671552768,0.93062663,TP
365,split_thai222.jpg,0,0.996950074537611,0.95619476,TP
366,split_thai222.jpg,1,0.9939681401212703,0.9405944,TP
367,split_thai222.jpg,2,0.9869271467007238,0.93587154,TP
368,split_thai222.jpg,3,0.9923172548440005,0.91636986,TP
369,split_thai236.jpg,0,0.9879664543262314,0.9270373,TP
370,split_thai236.jpg,1,0.9957282939293884,0.9163523,TP
371,split_thai236.jpg,2,0.9213811010925955,0.9064563,TP
372,split_thai241.jpg,0,0.993311311290305,0.89858633,TP
373,split_thai241.jpg,1,0.9875316879360266,0.89761543,TP
374,split_thai241.jpg,2,0.9771739356876648,0.8636505,TP
375,split_thai241.jpg,3,0.6729090838746442,0.84068763,TP
376,split_thai241.jpg,4,0.5728638138445368,0.8169459,TP
377,split_thai253.jpg,0,0.9679856910314925,0.9432964,TP
378,split_thai253.jpg,1,0.9941834368616563,0.9415748,TP
379,split_thai253.jpg,2,0.9927425978753243,0.9391258,TP
380,split_thai253.jpg,3,0.9847648391812669,0.93762213,TP
381,split_thai255.jpg,0,0.9961294139746415,0.9549214,TP
382,split_thai255.jpg,1,0.9804930216805811,0.9524731,TP
383,split_thai255.jpg,2,0.9915849774742282,0.9435289,TP
384,split_thai255.jpg,3,0.9780419366772168,0.9336514,TP
385,split_thai255.jpg,4,0.451537727391474,0.76652503,FP
386,split_thai258.jpg,0,0.9847341732076781,0.93517494,TP
387,split_thai273.jpg,0,0.995366092399351,0.95032716,TP
388,split_thai273.jpg,1,0.987710212613011,0.94537365,TP
389,split_thai273.jpg,2,0.9949098250481456,0.9422056,TP
390,split_thai273.jpg,3,0.9906130806928375,0.93738985,TP
391,split_thai273.jpg,4,0.0,0.793068,FP
392,split_thai297.jpg,0,0.0,0.8529192,FP
393,split_thai314.jpg,0,0.9841538956734389,0.88449126,TP
394,split_thai65.jpg,0,0.9851072086206124,0.9582525,TP
395,split_thai72.jpg,0,0.9965027609957837,0.9513135,TP
396,split_thai93.jpg,0,0.9771143472875045,0.951152,TP
397,split_thai93.jpg,1,0.9823118612931038,0.9497683,TP
398,split_thai93.jpg,2,0.9788338611039987,0.9466956,TP
399,split_thai93.jpg,3,0.829820961720712,0.9139671,TP
400,split_thai93.jpg,4,0.9727239947969378,0.90943867,TP
401,split_thai93.jpg,5,0.9913287480151064,0.79630345,TP
402,split_thai93.jpg,6,0.2005682236320152,0.710394,FP
403,split_thai97.jpg,0,0.9550436402100022,0.9557365,TP
404,split_thai97.jpg,1,0.965919436260019,0.9461713,TP
405,split_thai97.jpg,2,0.9465368093352265,0.9389036,TP
406,split_thai97.jpg,3,0.9615901002824526,0.9281234,TP
407,split_thai97.jpg,4,0.9613717021373762,0.8630577,TP
408,split_thai97.jpg,5,0.9520440757307236,0.84932005,TP
409,split_thai97.jpg,6,0.09312156118765492,0.808658,FP
410,truong1_103.jpg,0,0.9947635483196945,0.9585258,TP
411,truong1_103.jpg,1,0.9909428477733123,0.9499403,TP
412,truong1_103.jpg,2,0.9979079769087797,0.9458703,TP
413,truong1_103.jpg,3,0.9971526047274396,0.9406841,TP
414,truong1_103.jpg,4,0.9889913833976139,0.9310995,TP
415,truong1_103.jpg,5,0.9926704215439116,0.92870915,TP
416,truong1_103.jpg,6,0.5056230157835467,0.8287845,TP
417,truong1_103.jpg,7,0.6867743645163354,0.7537394,TP
418,truong1_106.jpg,0,0.9917122645936852,0.9445342,TP
419,truong1_106.jpg,1,0.9946294653884746,0.9441976,TP
420,truong1_106.jpg,2,0.9975862902546813,0.9372685,TP
421,truong1_106.jpg,3,0.9584487961016702,0.9318487,TP
422,truong1_106.jpg,4,0.9889410187131118,0.93026084,TP
423,truong1_106.jpg,5,0.9502232757639628,0.9024588,TP
424,truong1_106.jpg,6,0.9771425770369188,0.89477,TP
425,truong1_106.jpg,7,0.946383607486353,0.8691232,TP
426,truong1_106.jpg,8,0.9909954511077569,0.86038864,TP
427,truong1_106.jpg,9,0.9374302469373296,0.85575557,TP
428,truong1_106.jpg,10,0.9950366629944281,0.83720773,TP
429,truong1_106.jpg,11,0.8994585431965543,0.74708956,TP
430,truong1_106.jpg,12,0.997771998757389,0.73049986,TP
431,truong1_106.jpg,13,1.0264556779218739,0.7236262,TP
432,truong1_106.jpg,14,0.09807094306706012,0.71287435,FP
433,truong1_106.jpg,15,0.9760576574690973,0.70945394,TP
434,truong1_106.jpg,16,0.9555933088118996,0.7082456,TP
435,truong1_12.jpg,0,0.9936181358808321,0.930698,TP
436,truong1_12.jpg,1,0.9937875563125215,0.8944658,TP
437,truong1_12.jpg,2,0.18864494422180672,0.83685213,FP
438,truong1_12.jpg,3,0.23316869014934055,0.83589625,FP
439,truong1_12.jpg,4,0.9993470308466313,0.8115763,TP
440,truong1_141.jpg,0,0.9986480578196533,0.9507459,TP
441,truong1_141.jpg,1,0.8992588807972324,0.9248244,TP
442,truong1_141.jpg,2,0.9904169011854815,0.91020465,TP
443,truong1_141.jpg,3,0.9964610978204864,0.88529754,TP
444,truong1_141.jpg,4,0.9147081794893214,0.87156254,TP
445,truong1_141.jpg,5,0.7336686638595364,0.8317526,TP
446,truong1_141.jpg,6,0.9010928561716178,0.7638361,TP
447,truong1_146.jpg,0,0.993017974826099,0.9543309,TP
448,truong1_146.jpg,1,0.9944765794538389,0.9512611,TP
449,truong1_146.jpg,2,0.9697355687712272,0.94507414,TP
450,truong1_146.jpg,3,0.9933546839562554,0.942924,TP
451,truong1_146.jpg,4,0.9875554199857288,0.93845403,TP
452,truong1_146.jpg,5,0.9736710047334584,0.9350991,TP
453,truong1_146.jpg,6,0.9867568617734831,0.9278758,TP
454,truong1_146.jpg,7,0.9856480183418667,0.9134415,TP
455,truong1_146.jpg,8,0.9566780908883246,0.8681928,TP
456,truong1_146.jpg,9,0.9838936372394985,0.8591141,TP
457,truong1_146.jpg,10,0.8349412781209982,0.8405771,TP
458,truong1_153.jpg,0,0.985886007286028,0.9592307,TP
459,truong1_153.jpg,1,0.9847306289298513,0.9556668,TP
460,truong1_153.jpg,2,0.9843139371537094,0.94890475,TP
461,truong1_153.jpg,3,0.9645111977716289,0.94538283,TP
462,truong1_153.jpg,4,0.9957503284480684,0.9423827,TP
463,truong1_153.jpg,5,0.9950298882281347,0.94103444,TP
464,truong1_153.jpg,6,0.9759326218029226,0.9108798,TP
465,truong1_153.jpg,7,0.9686365357034543,0.90150493,TP
466,truong1_153.jpg,8,0.9349448711740415,0.8871457,TP
467,truong1_153.jpg,9,0.8712093977728236,0.8849498,TP
468,truong1_153.jpg,10,0.9841375303956047,0.87440604,TP
469,truong1_153.jpg,11,0.9709558289719676,0.8544035,TP
470,truong1_153.jpg,12,0.895010391242525,0.8120523,TP
471,truong1_153.jpg,13,0.9704283864235965,0.7424183,TP
472,truong1_19.jpg,0,0.9963136701895607,0.9671813,TP
473,truong1_19.jpg,1,0.9887829350045415,0.9450025,TP
474,truong1_19.jpg,2,0.9820030244723245,0.9425494,TP
475,truong1_19.jpg,3,0.9693856932064061,0.94032174,TP
476,truong1_19.jpg,4,0.9795298550575207,0.9256628,TP
477,truong1_19.jpg,5,0.982909847108395,0.9217347,TP
478,truong1_191.jpg,0,0.996383470961654,0.9412747,TP
479,truong1_191.jpg,1,0.9425316173834501,0.9379261,TP
480,truong1_191.jpg,2,0.9839728587749121,0.929695,TP
481,truong1_191.jpg,3,0.8971902499231131,0.92087,TP
482,truong1_191.jpg,4,0.9835953722091427,0.9124237,TP
483,truong1_191.jpg,5,0.990185753768561,0.9119018,TP
484,truong1_191.jpg,6,0.9716213928544191,0.90899783,TP
485,truong1_191.jpg,7,0.9710866850777834,0.9069692,TP
486,truong1_191.jpg,8,0.7409856183657653,0.8801582,TP
487,truong1_191.jpg,9,0.984334747342403,0.8358787,TP
488,truong1_197.jpg,0,0.9871107891267241,0.95188165,TP
489,truong1_197.jpg,1,0.9849896084959684,0.95181084,TP
490,truong1_197.jpg,2,0.9858896344232277,0.9439061,TP
491,truong1_197.jpg,3,0.9802389554718526,0.9219629,TP
492,truong1_197.jpg,4,0.9624963934007948,0.9197829,TP
493,truong1_197.jpg,5,0.9770562531348104,0.9104584,TP
494,truong1_197.jpg,6,0.9785713378437382,0.90290666,TP
495,truong1_197.jpg,7,0.9864924423095592,0.8853388,TP
496,truong1_197.jpg,8,0.9575949194795478,0.87967265,TP
497,truong1_197.jpg,9,0.99607484105235,0.8494432,TP
498,truong1_197.jpg,10,0.9680453107063596,0.84227586,TP
499,truong1_197.jpg,11,0.9742773698950917,0.80879354,TP
500,truong1_197.jpg,12,2.0944526133890564,0.7826848,TP
501,truong1_201.jpg,0,0.9994652809717554,0.95026904,TP
502,truong1_201.jpg,1,0.9895806839365859,0.9495336,TP
503,truong1_201.jpg,2,0.9971163600167173,0.9384401,TP
504,truong1_201.jpg,3,0.9839038004800411,0.93782467,TP
505,truong1_201.jpg,4,0.987125548085367,0.93280405,TP
506,truong1_201.jpg,5,0.9879191538035428,0.9304273,TP
507,truong1_201.jpg,6,0.9658677536026419,0.92024004,TP
508,truong1_201.jpg,7,0.542922509214733,0.91055477,TP
509,truong1_201.jpg,8,0.9683584692882118,0.9027056,TP
510,truong1_201.jpg,9,0.9868226212918049,0.88875794,TP
511,truong1_201.jpg,10,0.9948263344256381,0.80568135,TP
512,truong1_201.jpg,11,0.9957647142518533,0.72026587,TP
513,truong1_201.jpg,12,0.9495335749243967,0.7195846,TP
514,truong1_21.jpg,0,0.9682783161420033,0.9544443,TP
515,truong1_21.jpg,1,0.9721711353445657,0.948842,TP
516,truong1_21.jpg,2,0.9825361661045195,0.9306931,TP
517,truong1_21.jpg,3,0.9827674916580218,0.9272556,TP
518,truong1_21.jpg,4,0.9828413462447088,0.8711889,TP
519,truong1_21.jpg,5,0.9740980621202572,0.7893402,TP
520,truong1_21.jpg,6,0.9883611736566941,0.7556052,TP
521,truong1_232.jpg,0,0.9594164826690726,0.9581215,TP
522,truong1_232.jpg,1,0.9945592268438546,0.9574219,TP
523,truong1_232.jpg,2,0.9793407171126385,0.95508426,TP
524,truong1_232.jpg,3,0.9736588900309472,0.9487656,TP
525,truong1_232.jpg,4,0.9977946595895235,0.9484875,TP
526,truong1_232.jpg,5,0.966309467997693,0.94320625,TP
527,truong1_232.jpg,6,0.6373322162114757,0.9388262,TP
528,truong1_232.jpg,7,0.9909780209848816,0.93125635,TP
529,truong1_232.jpg,8,0.9751053372040386,0.92850715,TP
530,truong1_232.jpg,9,0.9933261846970934,0.9244297,TP
531,truong1_232.jpg,10,0.9516887400489419,0.91916513,TP
532,truong1_232.jpg,11,0.9888215587252053,0.91915035,TP
533,truong1_232.jpg,12,0.9958287474835901,0.9161326,TP
534,truong1_232.jpg,13,0.9855704949626376,0.9045001,TP
535,truong1_232.jpg,14,0.9918677144129272,0.88814896,TP
536,truong1_232.jpg,15,0.9882947293225927,0.8799166,TP
537,truong1_232.jpg,16,0.978641872799802,0.8648137,TP
538,truong1_232.jpg,17,0.9543593986916334,0.8647887,TP
539,truong1_232.jpg,18,0.5695317795959499,0.85806155,TP
540,truong1_232.jpg,19,0.9543020902790156,0.8440902,TP
541,truong1_232.jpg,20,0.9814996921109386,0.8374561,TP
542,truong1_232.jpg,21,0.9564981218500423,0.818198,TP
543,truong1_232.jpg,22,0.9771251541018786,0.74584275,TP
544,truong1_25.jpg,0,0.9876458779165431,0.9464113,TP
545,truong1_25.jpg,1,0.9858361589845644,0.94309574,TP
546,truong1_25.jpg,2,0.9826202478764786,0.94033724,TP
547,truong1_25.jpg,3,0.9902818899175303,0.9391866,TP
548,truong1_25.jpg,4,0.9619680495555275,0.8886772,TP
549,truong1_25.jpg,5,0.9742378606179957,0.8628295,TP
550,truong1_25.jpg,6,0.968652095557659,0.78562456,TP
551,truong1_29.jpg,0,0.975465925737972,0.95601773,TP
552,truong1_29.jpg,1,0.9885502558165645,0.9464965,TP
553,truong1_29.jpg,2,0.9192132738938542,0.93516153,TP
554,truong1_29.jpg,3,0.9940375782999316,0.9343086,TP
555,truong1_29.jpg,4,0.991184114709602,0.9330888,TP
556,truong1_29.jpg,5,0.9921136563972597,0.91952145,TP
557,truong1_29.jpg,6,0.9901162884653778,0.91801125,TP
558,truong1_29.jpg,7,0.96619804021096,0.91767114,TP
559,truong1_29.jpg,8,0.9899581427791329,0.90685767,TP
560,truong1_29.jpg,9,0.9778550415973093,0.8423635,TP
561,truong1_29.jpg,10,0.986709672096102,0.8413302,TP
562,truong1_29.jpg,11,0.9123994773283661,0.80686533,TP
563,truong1_29.jpg,12,0.9754177027240775,0.70123535,TP
564,truong1_43.jpg,0,0.9839785782682576,0.9689507,TP
565,truong1_43.jpg,1,0.9832318655137792,0.94193107,TP
566,truong1_43.jpg,2,0.9924959969089627,0.94007885,TP
567,truong1_43.jpg,3,0.9925260415136719,0.93425435,TP
568,truong1_43.jpg,4,0.9668528172682557,0.93038857,TP
569,truong1_43.jpg,5,0.9919936302101915,0.9116213,TP
570,truong1_43.jpg,6,0.991839876774882,0.9080023,TP
571,truong1_43.jpg,7,0.9797649083800529,0.90213317,TP
572,truong1_43.jpg,8,0.9888492775826342,0.8694281,TP
573,truong1_43.jpg,9,0.8556849816445851,0.8344882,TP
574,truong1_43.jpg,10,0.9378603880373422,0.8247748,TP
575,truong1_43.jpg,11,0.9404629119187554,0.8200702,TP
576,truong1_44.jpg,0,0.9751586171955074,0.9558165,TP
577,truong1_44.jpg,1,0.9870677177999249,0.9396115,TP
578,truong1_44.jpg,2,0.9841936415925603,0.92994493,TP
579,truong1_44.jpg,3,0.9823979726220117,0.9279685,TP
580,truong1_44.jpg,4,0.9408951719009466,0.89987147,TP
581,truong1_44.jpg,5,0.9583246842258637,0.8966726,TP
582,truong1_44.jpg,6,0.9690481334966695,0.89278835,TP
583,truong1_44.jpg,7,0.9857333222906468,0.87698394,TP
584,truong1_44.jpg,8,0.9326941162662553,0.85366523,TP
585,truong1_44.jpg,9,0.17223112368151056,0.82481676,FP
586,truong1_44.jpg,10,0.9621849753112401,0.7946134,TP
587,truong1_5.jpg,0,0.990295878724669,0.96065956,TP
588,truong1_5.jpg,1,0.9766775168528107,0.9598436,TP
589,truong1_5.jpg,2,0.982931881107782,0.948509,TP
590,truong1_5.jpg,3,0.010796575335746652,0.93005604,FP
591,truong1_5.jpg,4,0.98494287642809,0.92684275,TP
592,truong1_5.jpg,5,0.9942036525980208,0.9247589,TP
593,truong1_5.jpg,6,0.9837015944098249,0.9214676,TP
594,truong1_5.jpg,7,0.9248689920640458,0.79798704,TP
595,truong1_76.jpg,0,0.9850340841996336,0.9582714,TP
596,truong1_76.jpg,1,0.9685321534680852,0.947281,TP
597,truong1_76.jpg,2,0.985900983657396,0.931218,TP
598,truong1_76.jpg,3,0.9836553881905269,0.9100549,TP
599,truong1_76.jpg,4,0.9496127977916204,0.89737874,TP
600,truong1_76.jpg,5,0.16300896029687084,0.80473286,FP
601,truong1_76.jpg,6,0.555843486367707,0.7914666,TP
602,truong1_80.jpg,0,0.9859428137706143,0.9562832,TP
603,truong1_80.jpg,1,0.9963907836401067,0.9365198,TP
604,truong1_80.jpg,2,0.995948617692232,0.93592554,TP
605,truong1_80.jpg,3,0.9495486248250266,0.92808056,TP
606,truong1_80.jpg,4,0.9935209462443115,0.911823,TP
607,truong1_80.jpg,5,0.9869090557278573,0.9008148,TP
608,truong1_80.jpg,6,0.9419243145118771,0.89853966,TP
609,truong1_80.jpg,7,0.9552558125261695,0.8941717,TP
610,truong1_80.jpg,8,0.9480336299304316,0.89183533,TP
611,truong1_80.jpg,9,0.9923554156871001,0.88887817,TP
612,truong1_80.jpg,10,0.9658213926913547,0.888457,TP
613,truong1_80.jpg,11,0.9934132760456778,0.8852384,TP
614,truong1_80.jpg,12,0.9957603024585926,0.83320653,TP
615,truong1_80.jpg,13,0.9765134392663569,0.78391355,TP
616,truong1_80.jpg,14,0.9181012766323028,0.74296224,TP
617,truong1_82.jpg,0,0.9948450469665414,0.95659935,TP
618,truong1_82.jpg,1,0.9946747611032297,0.9473152,TP
619,truong1_82.jpg,2,0.9697457480108751,0.9428458,TP
620,truong1_82.jpg,3,0.9899173682624242,0.93379253,TP
621,truong1_82.jpg,4,0.9828225820458372,0.93298656,TP
622,truong1_82.jpg,5,0.9901456435384144,0.92782265,TP
623,truong1_82.jpg,6,0.9607442479558165,0.92721015,TP
624,truong1_82.jpg,7,0.9693909642683969,0.8896902,TP
625,truong1_82.jpg,8,0.9751572115631335,0.8781949,TP
626,truong1_82.jpg,9,0.9275488090460721,0.87491643,TP
627,truong1_82.jpg,10,0.9573569362352633,0.8311223,TP
628,truong1_82.jpg,11,0.9799266527649497,0.8024343,TP
629,truong1_82.jpg,12,0.9261560409082793,0.79633033,TP
630,truong1_82.jpg,13,0.9308721278924432,0.7931119,TP
631,truong1_82.jpg,14,0.5670956996775827,0.76308304,TP
632,truong1_82.jpg,15,0.6199835433820563,0.71151835,TP
633,truong1_82.jpg,16,0.9885702112786101,0.7064315,TP
634,truong1_83.jpg,0,0.9968964539988898,0.96261567,TP
635,truong1_83.jpg,1,0.9911406944239864,0.951101,TP
636,truong1_83.jpg,2,0.9923113102157185,0.9313676,TP
637,truong1_83.jpg,3,0.9742072586905265,0.9298041,TP
638,truong1_83.jpg,4,0.9930883457232024,0.9268041,TP
639,truong1_83.jpg,5,0.9912579458808299,0.9225631,TP
640,truong1_83.jpg,6,0.9198267712704434,0.9206983,TP
641,truong1_83.jpg,7,0.9177815640260346,0.91445583,TP
642,truong1_83.jpg,8,0.969607594079589,0.90584207,TP
643,truong1_83.jpg,9,0.9712178780393602,0.89245474,TP
644,truong1_83.jpg,10,0.9622872731952019,0.8725567,TP
645,truong1_83.jpg,11,0.9929377881583776,0.8595336,TP
646,truong1_83.jpg,12,0.9922241860503475,0.8529598,TP
647,truong1_83.jpg,13,0.5982834501753342,0.84677535,TP
648,truong1_83.jpg,14,0.9853424202857107,0.8311102,TP
649,truong1_83.jpg,15,0.8951981549830004,0.8261394,TP
650,truong1_83.jpg,16,0.5590338754141084,0.8164743,TP
651,truong1_84.jpg,0,0.9916964125680603,0.94889235,TP
652,truong1_84.jpg,1,0.9938062866119977,0.9479276,TP
653,truong1_84.jpg,2,0.9826631916143054,0.9432102,TP
654,truong1_84.jpg,3,0.9984479790795485,0.9431257,TP
655,truong1_84.jpg,4,0.988912504270177,0.9277433,TP
656,truong1_84.jpg,5,0.9819968042389374,0.92725027,TP
657,truong1_84.jpg,6,0.9299886677034805,0.89778566,TP
658,truong1_84.jpg,7,0.3519833417287991,0.87762064,FP
659,truong1_84.jpg,8,0.9873662822978886,0.8742683,TP
660,truong1_84.jpg,9,0.9553008641124652,0.864072,TP
661,truong1_84.jpg,10,0.9423326611376242,0.8634994,TP
662,truong1_84.jpg,11,0.9451756422346864,0.8420428,TP
663,truong1_84.jpg,12,0.7571639132942815,0.827668,TP
664,truong1_84.jpg,13,0.9678426448988283,0.8177833,TP
665,truong1_84.jpg,14,0.974934928395378,0.81525224,TP
666,truong1_84.jpg,15,0.9350190112118402,0.76022536,TP
667,truong1_84.jpg,16,0.8315899953632718,0.7400441,TP
668,truong1_84.jpg,17,0.8049735688597924,0.73945254,TP
669,truong1_84.jpg,18,0.9828442273532894,0.73114836,TP
670,truong1_84.jpg,19,0.980485143305536,0.729134,TP
671,truong1_84.jpg,20,0.9611596661224717,0.72787297,TP
672,truong1_90.jpg,0,0.9830205738618871,0.95067847,TP
673,truong1_90.jpg,1,0.9811819072999378,0.94628716,TP
674,truong1_90.jpg,2,0.9919547711810629,0.94484174,TP
675,truong1_90.jpg,3,0.9754353193326297,0.93357056,TP
676,truong1_90.jpg,4,0.9848594040958059,0.9304405,TP
677,truong1_90.jpg,5,0.9834143506952108,0.9231561,TP
678,truong1_90.jpg,6,0.9766124587786448,0.91999084,TP
679,truong1_90.jpg,7,0.9610783258838298,0.91987365,TP
680,truong1_90.jpg,8,0.9854612031675075,0.9166754,TP
681,truong1_90.jpg,9,0.9940949660920024,0.91590685,TP
682,truong1_90.jpg,10,0.96702060283397,0.9072667,TP
683,truong1_90.jpg,11,0.9583653054397322,0.8929032,TP
684,truong1_90.jpg,12,0.9888296256047779,0.87878233,TP
685,truong1_90.jpg,13,0.9310736680016491,0.87275654,TP
686,truong1_90.jpg,14,0.566739032287565,0.83067346,TP
687,truong1_90.jpg,15,0.8941289765877957,0.8255197,TP
688,truong1_90.jpg,16,0.9490220510192702,0.82435614,TP
689,truong2_115.jpg,0,0.94146321863355,0.95063627,TP
690,truong2_149.jpg,0,0.9742310329821964,0.951625,TP
691,truong2_149.jpg,1,0.9672273958841785,0.9470058,TP
692,truong2_149.jpg,2,0.9911803626314006,0.94453084,TP
693,truong2_166.jpg,0,0.9832512911880643,0.93754065,TP
694,truong2_175.jpg,0,0.992023771230957,0.92376727,TP
695,truong2_179.jpg,0,0.9863609413519292,0.9445586,TP
696,truong2_184.jpg,0,0.9843035790143978,0.9507303,TP
697,truong2_186.jpg,0,0.77607740770208,0.91198546,TP
698,truong2_186.jpg,1,0.9545691126463768,0.9111997,TP
699,truong2_197.jpg,0,0.9853524053358922,0.95061743,TP
700,truong2_197.jpg,1,0.9657195801430728,0.92382705,TP
701,truong2_197.jpg,2,0.9597717211323575,0.8118469,TP
702,truong2_239.jpg,0,0.9375950455821919,0.91741014,TP
703,truong2_246.jpg,0,0.9161547462077068,0.91138095,TP
704,truong2_246.jpg,1,0.9278785843400704,0.9011839,TP
705,truong2_246.jpg,2,0.919945620047393,0.8979709,TP
706,truong2_246.jpg,3,0.9390196667124371,0.87831694,TP
707,truong2_33.jpg,0,0.9838885413043045,0.9452235,TP
708,truong2_33.jpg,1,0.9663582957872673,0.89433765,TP
709,truong2_41.jpg,0,0.9821083398065464,0.95554787,TP
710,truong2_41.jpg,1,0.8016011558693216,0.85047776,TP
711,truong2_41.jpg,2,0.990491569063697,0.8074891,TP
712,truong2_41.jpg,3,0.864069170788524,0.7802893,TP
713,truong2_57.jpg,0,0.08086031536179814,0.82316506,FP
714,truong2_80.jpg,0,0.9606298171715475,0.91768926,TP
715,truong2_84.jpg,0,0.99536524932107,0.9533158,TP
716,truong2_84.jpg,1,0.9653547898567888,0.91545326,TP
717,truong2_86.jpg,0,0.9942729074925576,0.9372393,TP
718,truong2_9.jpg,0,0.9826170806756255,0.933468,TP
719,truong2_95.jpg,0,0.9718535118912921,0.9477827,TP
720,truong2_95.jpg,1,0.9721470634062656,0.9425297,TP
721,truong2_95.jpg,2,0.9105650145143723,0.8709951,TP
722,UIT_motorbiker_1017.jpg,0,0.8254836292767603,0.7927421,TP
723,UIT_motorbiker_1026.jpg,0,0.9478664959599112,0.95458275,TP
724,UIT_motorbiker_1043.jpg,0,0.8605224340139844,0.95223963,TP
725,UIT_motorbiker_1052.jpg,0,0.36213758557664605,0.9326033,FP
726,UIT_motorbiker_1052.jpg,1,0.9935912451682902,0.9178906,TP
727,UIT_motorbiker_1052.jpg,2,0.23290141735341996,0.83216363,FP
728,UIT_motorbiker_1060.jpg,0,0.9394285552361047,0.81081295,TP
729,UIT_motorbiker_1078.jpg,0,0.9947895785889816,0.939463,TP
730,UIT_motorbiker_1078.jpg,1,0.4217690545131598,0.80934674,FP
731,UIT_motorbiker_1078.jpg,2,0.4885668903228986,0.77457666,FP
732,UIT_motorbiker_1080.jpg,0,0.95552377241892,0.8966923,TP
733,UIT_motorbiker_1094.jpg,0,0.8803884416505053,0.92754364,TP
734,UIT_motorbiker_1095.jpg,0,0.9462705149919849,0.92110634,TP
735,UIT_motorbiker_1142.jpg,0,0.9398942314049491,0.94876224,TP
736,UIT_motorbiker_1151.jpg,0,0.7278001570169859,0.76062125,TP
737,UIT_motorbiker_1172.jpg,0,0.9477192714338769,0.947489,TP
738,UIT_motorbiker_1189.jpg,0,0.9857038925941074,0.95441383,TP
739,UIT_motorbiker_1189.jpg,1,0.9584647563477444,0.949161,TP
740,UIT_motorbiker_1189.jpg,2,0.9910156611855949,0.93973273,TP
741,UIT_motorbiker_1189.jpg,3,0.9864912317363395,0.9139626,TP
742,UIT_motorbiker_1189.jpg,4,0.4998106227805508,0.7602827,FP
743,UIT_motorbiker_1191.jpg,0,0.9469433078283809,0.9477474,TP
744,UIT_motorbiker_1191.jpg,1,0.9488927974079221,0.93990135,TP
745,UIT_motorbiker_1191.jpg,2,0.7819855229123653,0.8111106,TP
746,UIT_motorbiker_1199.jpg,0,0.9110764168430021,0.9227149,TP
747,UIT_motorbiker_12.jpg,0,0.9942521314070445,0.95975965,TP
748,UIT_motorbiker_12.jpg,1,0.9761033797525075,0.9503069,TP
749,UIT_motorbiker_1202.jpg,0,0.9884459085982252,0.9554035,TP
750,UIT_motorbiker_1202.jpg,1,0.9547912646127423,0.94147533,TP
751,UIT_motorbiker_1214.jpg,0,0.9569000684531328,0.79028964,TP
752,UIT_motorbiker_1214.jpg,1,0.0,0.7782025,FP
753,UIT_motorbiker_1216.jpg,0,0.9892936346966122,0.94935155,TP
754,UIT_motorbiker_1216.jpg,1,0.9838347905091482,0.9183719,TP
755,UIT_motorbiker_1216.jpg,2,0.985712447512602,0.8627564,TP
756,UIT_motorbiker_1216.jpg,3,0.43199814552854626,0.72023,FP
757,UIT_motorbiker_1222.jpg,0,0.0,0.92714787,FP
758,UIT_motorbiker_1234.jpg,0,0.921652179051902,0.91633207,TP
759,UIT_motorbiker_1240.jpg,0,0.0,0.8438031,FP
760,UIT_motorbiker_125.jpg,0,0.9604495986942645,0.9505667,TP
761,UIT_motorbiker_125.jpg,1,0.9694920495596521,0.8751444,TP
762,UIT_motorbiker_125.jpg,2,0.9677736328558469,0.71428275,TP
763,UIT_motorbiker_1270.jpg,0,0.772357051913909,0.93719906,TP
764,UIT_motorbiker_1281.jpg,0,0.9616377251269027,0.9334265,TP
765,UIT_motorbiker_1281.jpg,1,0.9898547638862918,0.8632271,TP
766,UIT_motorbiker_1287.jpg,0,0.9848059255130495,0.930039,TP
767,UIT_motorbiker_1292.jpg,0,0.9842930021676656,0.92933136,TP
768,UIT_motorbiker_1308.jpg,0,0.9479607945058733,0.9480846,TP
769,UIT_motorbiker_1313.jpg,0,0.9067179063082249,0.94354445,TP
770,UIT_motorbiker_1313.jpg,1,0.9229931095086188,0.90667766,TP
771,UIT_motorbiker_1313.jpg,2,0.9182028536327226,0.85533696,TP
772,UIT_motorbiker_1321.jpg,0,0.9836776388774671,0.91215247,TP
773,UIT_motorbiker_1323.jpg,0,0.8963009335758286,0.9129395,TP
774,UIT_motorbiker_1338.jpg,0,0.955613561843973,0.94538724,TP
775,UIT_motorbiker_1343.jpg,0,0.9525335740481312,0.9188021,TP
776,UIT_motorbiker_1348.jpg,0,0.9724741482673284,0.9240159,TP
777,UIT_motorbiker_1360.jpg,0,0.9272634932398187,0.9279714,TP
778,UIT_motorbiker_1364.jpg,0,0.9493150281677671,0.8985907,TP
779,UIT_motorbiker_1367.jpg,0,0.9638389010909018,0.9099267,TP
780,UIT_motorbiker_1367.jpg,1,0.983540972800823,0.8373717,TP
781,UIT_motorbiker_1368.jpg,0,0.9936355948608261,0.9149227,TP
782,UIT_motorbiker_1378.jpg,0,0.9482471752647559,0.9313509,TP
783,UIT_motorbiker_1384.jpg,0,0.984191665715694,0.9526873,TP
784,UIT_motorbiker_140.jpg,0,0.9832446655337848,0.94504035,TP
785,UIT_motorbiker_140.jpg,1,0.9854647601506396,0.9131596,TP
786,UIT_motorbiker_142.jpg,0,0.9095653919109714,0.9537967,TP
787,UIT_motorbiker_142.jpg,1,0.9409844903206093,0.9224035,TP
788,UIT_motorbiker_1457.jpg,0,0.8908201801673721,0.9452007,TP
789,UIT_motorbiker_1461.jpg,0,0.9053786832164271,0.9531814,TP
790,UIT_motorbiker_1470.jpg,0,0.8998580976805156,0.87910557,TP
791,UIT_motorbiker_1477.jpg,0,0.9492195458542014,0.90542746,TP
792,UIT_motorbiker_1478.jpg,0,0.9810359262512397,0.94610447,TP
793,UIT_motorbiker_1478.jpg,1,0.9942384702089926,0.9367165,TP
794,UIT_motorbiker_1478.jpg,2,0.9924098955910915,0.93276495,TP
795,UIT_motorbiker_1478.jpg,3,0.975571080668143,0.9192338,TP
796,UIT_motorbiker_1478.jpg,4,0.9716477233984466,0.9161641,TP
797,UIT_motorbiker_1478.jpg,5,0.9453393446889117,0.85622334,TP
798,UIT_motorbiker_1478.jpg,6,0.6962272547649776,0.7878546,TP
799,UIT_motorbiker_1505.jpg,0,0.9878664299435713,0.95615935,TP
800,UIT_motorbiker_1505.jpg,1,0.9936226072003671,0.95612496,TP
801,UIT_motorbiker_1505.jpg,2,0.9619888267628447,0.9311032,TP
802,UIT_motorbiker_1505.jpg,3,0.24212829182042359,0.72618735,FP
803,UIT_motorbiker_1541.jpg,0,0.9139430658897302,0.92846906,TP
804,UIT_motorbiker_156.jpg,0,0.9353756781680543,0.9613282,TP
805,UIT_motorbiker_156.jpg,1,0.9716760651922421,0.9308133,TP
806,UIT_motorbiker_159.jpg,0,0.9751302619226342,0.9413836,TP
807,UIT_motorbiker_159.jpg,1,0.9718415102889152,0.9165877,TP
808,UIT_motorbiker_1618.jpg,0,0.9818652551466898,0.9486269,TP
809,UIT_motorbiker_1618.jpg,1,0.9845403937076288,0.935216,TP
810,UIT_motorbiker_1648.jpg,0,0.996693285005872,0.94865644,TP
811,UIT_motorbiker_1648.jpg,1,0.9904531106111035,0.9406274,TP
812,UIT_motorbiker_1648.jpg,2,0.991270939604062,0.94045526,TP
813,UIT_motorbiker_1648.jpg,3,0.9853985079527133,0.9193358,TP
814,UIT_motorbiker_1648.jpg,4,0.9751988834302312,0.9161529,TP
815,UIT_motorbiker_1648.jpg,5,0.6445371693650843,0.7249198,TP
816,UIT_motorbiker_1742.jpg,0,0.9517174947962446,0.9491846,TP
817,UIT_motorbiker_1742.jpg,1,0.9887947935852952,0.9039455,TP
818,UIT_motorbiker_1742.jpg,2,0.3914797414538628,0.85794777,FP
819,UIT_motorbiker_1785.jpg,0,0.9068359702483453,0.9462119,TP
820,UIT_motorbiker_1785.jpg,1,0.9846893947294078,0.94318163,TP
821,UIT_motorbiker_1785.jpg,2,0.9770649169304136,0.92635477,TP
822,UIT_motorbiker_1785.jpg,3,0.9944135262151268,0.8921005,TP
823,UIT_motorbiker_1785.jpg,4,0.9162795208725757,0.82649726,TP
824,UIT_motorbiker_1798.jpg,0,0.9766523973509954,0.92106664,TP
825,UIT_motorbiker_1798.jpg,1,0.9688548916461616,0.91474277,TP
826,UIT_motorbiker_1798.jpg,2,0.9849881478368149,0.89568233,TP
827,UIT_motorbiker_1839.jpg,0,0.9635804595772823,0.948014,TP
828,UIT_motorbiker_1839.jpg,1,0.9869007834642637,0.9453192,TP
829,UIT_motorbiker_1839.jpg,2,0.9824837775160932,0.9209837,TP
830,UIT_motorbiker_1839.jpg,3,0.9885577995897068,0.9052408,TP
831,UIT_motorbiker_1839.jpg,4,0.9879994878874678,0.83730024,TP
832,UIT_motorbiker_1839.jpg,5,0.6900118591881308,0.7119443,TP
833,UIT_motorbiker_1846.jpg,0,0.9458687457945677,0.7362204,TP
834,UIT_motorbiker_195.jpg,0,0.9729123035201007,0.9630019,TP
835,UIT_motorbiker_195.jpg,1,0.9794988705193309,0.93424505,TP
836,UIT_motorbiker_195.jpg,2,0.9292527602740955,0.870727,TP
837,UIT_motorbiker_195.jpg,3,0.9475502750624032,0.79228365,TP
838,UIT_motorbiker_212.jpg,0,0.9499902103425166,0.9412406,TP
839,UIT_motorbiker_212.jpg,1,0.9700907488403339,0.91702545,TP
840,UIT_motorbiker_212.jpg,2,0.824783673407251,0.7732541,TP
841,UIT_motorbiker_215.jpg,0,0.9734003839995279,0.9631768,TP
842,UIT_motorbiker_215.jpg,1,0.9840620761131813,0.91011965,TP
843,UIT_motorbiker_215.jpg,2,0.0,0.8024061,FP
844,UIT_motorbiker_216.jpg,0,0.9726398525819027,0.96308047,TP
845,UIT_motorbiker_216.jpg,1,0.9372363750233073,0.95477,TP
846,UIT_motorbiker_2415.jpg,0,0.9706026476057243,0.94551647,TP
847,UIT_motorbiker_2415.jpg,1,0.9116261697761272,0.93505883,TP
848,UIT_motorbiker_2415.jpg,2,0.9311504735403041,0.74735355,TP
849,UIT_motorbiker_2422.jpg,0,0.9612013683515644,0.9505298,TP
850,UIT_motorbiker_2422.jpg,1,0.6988465404248925,0.72072434,TP
851,UIT_motorbiker_2471.jpg,0,0.0,0.8133225,FP
852,UIT_motorbiker_2542.jpg,0,0.9819477844948892,0.9585823,TP
853,UIT_motorbiker_2542.jpg,1,0.9704533342734672,0.9448904,TP
854,UIT_motorbiker_2542.jpg,2,0.9161463454078509,0.8969851,TP
855,UIT_motorbiker_2542.jpg,3,0.8845970221722605,0.88629377,TP
856,UIT_motorbiker_2617.jpg,0,0.8838610531049295,0.92068386,TP
857,UIT_motorbiker_2622.jpg,0,0.9576481002164345,0.95415056,TP
858,UIT_motorbiker_2622.jpg,1,0.9412170098236875,0.93821615,TP
859,UIT_motorbiker_2622.jpg,2,0.9691498948153688,0.9315581,TP
860,UIT_motorbiker_2622.jpg,3,0.9452699803394446,0.91664106,TP
861,UIT_motorbiker_2648.jpg,0,0.9889037871636862,0.96524835,TP
862,UIT_motorbiker_2648.jpg,1,0.9945397319502386,0.9495659,TP
863,UIT_motorbiker_2648.jpg,2,0.990633701419022,0.91331416,TP
864,UIT_motorbiker_2648.jpg,3,0.9802428995635563,0.899708,TP
865,UIT_motorbiker_2648.jpg,4,0.9735833005232842,0.895494,TP
866,UIT_motorbiker_2648.jpg,5,0.37081668745470286,0.70128113,FP
867,UIT_motorbiker_266.jpg,0,0.9919384146742167,0.95245725,TP
868,UIT_motorbiker_266.jpg,1,0.9803820273915447,0.95043933,TP
869,UIT_motorbiker_266.jpg,2,0.9747617151134245,0.9473185,TP
870,UIT_motorbiker_266.jpg,3,0.9748199281640255,0.94627386,TP
871,UIT_motorbiker_266.jpg,4,0.9667426913761896,0.93882847,TP
872,UIT_motorbiker_266.jpg,5,0.9739818427996904,0.9274559,TP
873,UIT_motorbiker_266.jpg,6,0.9809840022726753,0.8009869,TP
874,UIT_motorbiker_2661.jpg,0,0.895301946139926,0.9556397,TP
875,UIT_motorbiker_2661.jpg,1,0.9833683940903986,0.9478548,TP
876,UIT_motorbiker_2661.jpg,2,0.9723875005092845,0.9290541,TP
877,UIT_motorbiker_2661.jpg,3,0.9287237017001784,0.90663314,TP
878,UIT_motorbiker_2661.jpg,4,0.5099340245002439,0.8967247,TP
879,UIT_motorbiker_2661.jpg,5,0.9598591681323484,0.87909424,TP
880,UIT_motorbiker_268.jpg,0,0.9746658486654123,0.94200164,TP
881,UIT_motorbiker_268.jpg,1,0.9670853478125199,0.9404046,TP
882,UIT_motorbiker_268.jpg,2,0.9623624320602926,0.9290517,TP
883,UIT_motorbiker_2695.jpg,0,0.997747543125176,0.9572927,TP
884,UIT_motorbiker_2695.jpg,1,0.9590532474415889,0.9460188,TP
885,UIT_motorbiker_2695.jpg,2,0.9487498074503136,0.9439625,TP
886,UIT_motorbiker_2709.jpg,0,0.0,0.90816665,FP
887,UIT_motorbiker_271.jpg,0,0.9724180288056248,0.9382686,TP
888,UIT_motorbiker_271.jpg,1,0.9818821016198287,0.93017554,TP
889,UIT_motorbiker_2728.jpg,0,0.9555501417340372,0.9573706,TP
890,UIT_motorbiker_2728.jpg,1,0.9548884655211097,0.9558843,TP
891,UIT_motorbiker_2728.jpg,2,0.9914850594618115,0.92377293,TP
892,UIT_motorbiker_2728.jpg,3,0.09562179527760604,0.7302674,FP
893,UIT_motorbiker_2788.jpg,0,0.8984327077413401,0.9000686,TP
894,UIT_motorbiker_2788.jpg,1,0.9323920826280355,0.8807061,TP
895,UIT_motorbiker_2825.jpg,0,0.9867168592427488,0.94790775,TP
896,UIT_motorbiker_2825.jpg,1,0.9498929084627385,0.94190556,TP
897,UIT_motorbiker_2832.jpg,0,0.9718368306578427,0.9272689,TP
898,UIT_motorbiker_2832.jpg,1,0.9956764452600355,0.9266884,TP
899,UIT_motorbiker_2832.jpg,2,0.9675816639127216,0.9169895,TP
900,UIT_motorbiker_2832.jpg,3,0.9908506291763125,0.86818284,TP
901,UIT_motorbiker_2832.jpg,4,0.9740653124484819,0.8570072,TP
902,UIT_motorbiker_2832.jpg,5,0.9847243494481672,0.7876181,TP
903,UIT_motorbiker_2832.jpg,6,0.4212211019979189,0.7221059,FP
904,UIT_motorbiker_2842.jpg,0,0.9906487800156811,0.90994936,TP
905,UIT_motorbiker_2842.jpg,1,0.9756321392998766,0.90889645,TP
906,UIT_motorbiker_291.jpg,0,0.9597905569815302,0.9404204,TP
907,UIT_motorbiker_291.jpg,1,0.8954626071561926,0.7985054,TP
908,UIT_motorbiker_2978.jpg,0,0.9724408261256257,0.9286961,TP
909,UIT_motorbiker_2978.jpg,1,0.3550248675618286,0.8303456,FP
910,UIT_motorbiker_2996.jpg,0,0.9492611886965825,0.94423074,TP
911,UIT_motorbiker_3200.jpg,0,0.9650833970796945,0.9505241,TP
912,UIT_motorbiker_3200.jpg,1,0.40285059118825906,0.94931287,FP
913,UIT_motorbiker_3200.jpg,2,0.936177301810356,0.9440567,TP
914,UIT_motorbiker_3200.jpg,3,0.9650084523995188,0.9387546,TP
915,UIT_motorbiker_3205.jpg,0,0.9806553972897593,0.8925201,TP
916,UIT_motorbiker_3205.jpg,1,0.13339499573976155,0.8220412,FP
917,UIT_motorbiker_3205.jpg,2,0.09593486764424476,0.7332014,FP
918,UIT_motorbiker_3264.jpg,0,0.0,0.82695544,FP
919,UIT_motorbiker_327.jpg,0,0.9931226532805233,0.9711708,TP
920,UIT_motorbiker_327.jpg,1,0.9307608169638673,0.9431423,TP
921,UIT_motorbiker_333.jpg,0,0.9827923873248736,0.9245302,TP
922,UIT_motorbiker_333.jpg,1,0.9866652000315265,0.9180069,TP
923,UIT_motorbiker_333.jpg,2,0.9864941771975563,0.90745974,TP
924,UIT_motorbiker_333.jpg,3,0.0,0.721116,FP
925,UIT_motorbiker_334.jpg,0,0.9299916234915556,0.89584076,TP
926,UIT_motorbiker_360.jpg,0,0.9903452701408935,0.8927615,TP
927,UIT_motorbiker_380.jpg,0,0.9837068401807033,0.9691446,TP
928,UIT_motorbiker_394.jpg,0,0.9758786514484415,0.96147007,TP
929,UIT_motorbiker_406.jpg,0,0.9731214901874408,0.92297155,TP
930,UIT_motorbiker_406.jpg,1,0.36797210257238716,0.8117459,FP
931,UIT_motorbiker_422.jpg,0,0.9635600303196644,0.92811203,TP
932,UIT_motorbiker_422.jpg,1,0.9940195366729453,0.9256959,TP
933,UIT_motorbiker_422.jpg,2,0.9835901726547386,0.91923827,TP
934,UIT_motorbiker_422.jpg,3,0.9470225079351816,0.90912783,TP
935,UIT_motorbiker_422.jpg,4,0.9161167198262641,0.7573926,TP
936,UIT_motorbiker_43.jpg,0,0.9380718557243533,0.9443988,TP
937,UIT_motorbiker_43.jpg,1,0.870176007960265,0.92407113,TP
938,UIT_motorbiker_431.jpg,0,0.9906039705084055,0.94934696,TP
939,UIT_motorbiker_447.jpg,0,0.993854332873961,0.94988954,TP
940,UIT_motorbiker_447.jpg,1,0.9641417204667264,0.94460565,TP
941,UIT_motorbiker_447.jpg,2,0.497651418924846,0.9380667,FP
942,UIT_motorbiker_447.jpg,3,0.795471384770699,0.9344456,TP
943,UIT_motorbiker_474.jpg,0,0.9593397370441358,0.9499302,TP
944,UIT_motorbiker_503.jpg,0,0.9756366034187854,0.96712714,TP
945,UIT_motorbiker_52.jpg,0,0.9861183816864237,0.9513452,TP
946,UIT_motorbiker_52.jpg,1,0.9528695852341645,0.94992036,TP
947,UIT_motorbiker_52.jpg,2,0.9189914672785913,0.9054912,TP
948,UIT_motorbiker_530.jpg,0,0.9375930021908405,0.9501702,TP
949,UIT_motorbiker_530.jpg,1,0.989565112284467,0.9472824,TP
950,UIT_motorbiker_530.jpg,2,0.887746406244878,0.8552938,TP
951,UIT_motorbiker_54.jpg,0,0.8949023176733081,0.9384397,TP
952,UIT_motorbiker_556.jpg,0,0.8710922887673499,0.9315788,TP
953,UIT_motorbiker_556.jpg,1,0.856267984321035,0.85524786,TP
954,UIT_motorbiker_559.jpg,0,0.9838198067193747,0.9363523,TP
955,UIT_motorbiker_559.jpg,1,0.9811972966068379,0.91241497,TP
956,UIT_motorbiker_559.jpg,2,0.9600969610939943,0.89305973,TP
957,UIT_motorbiker_583.jpg,0,0.9750799729655474,0.9107569,TP
958,UIT_motorbiker_583.jpg,1,0.9817766561716824,0.90443695,TP
959,UIT_motorbiker_605.jpg,0,0.9956481893297783,0.9491857,TP
960,UIT_motorbiker_605.jpg,1,0.9587944683537318,0.93472594,TP
961,UIT_motorbiker_605.jpg,2,0.9573706027137462,0.9332363,TP
962,UIT_motorbiker_605.jpg,3,0.951756485985525,0.9131974,TP
963,UIT_motorbiker_605.jpg,4,0.9527630646387539,0.9011964,TP
964,UIT_motorbiker_605.jpg,5,0.9532910197813819,0.8782092,TP
965,UIT_motorbiker_605.jpg,6,0.9881862687113078,0.8692477,TP
966,UIT_motorbiker_605.jpg,7,0.9229745192585121,0.8629642,TP
967,UIT_motorbiker_605.jpg,8,0.9728785912732164,0.74568605,TP
968,UIT_motorbiker_608.jpg,0,0.9502167223317346,0.93348277,TP
969,UIT_motorbiker_608.jpg,1,0.9889050213103658,0.93016946,TP
970,UIT_motorbiker_608.jpg,2,0.9826459125446798,0.9152946,TP
971,UIT_motorbiker_608.jpg,3,0.938160156189688,0.9149134,TP
972,UIT_motorbiker_608.jpg,4,0.972057714093548,0.8895289,TP
973,UIT_motorbiker_623.jpg,0,0.9780601315550302,0.93186253,TP
974,UIT_motorbiker_623.jpg,1,0.1445665916266818,0.7822277,FP
975,UIT_motorbiker_627.jpg,0,0.9894697097353579,0.93159133,TP
976,UIT_motorbiker_627.jpg,1,0.948745650741625,0.90677994,TP
977,UIT_motorbiker_627.jpg,2,0.9763618123427681,0.84860545,TP
978,UIT_motorbiker_629.jpg,0,0.9713587795728511,0.92611045,TP
979,UIT_motorbiker_629.jpg,1,0.9407844187931158,0.8841956,TP
980,UIT_motorbiker_629.jpg,2,0.9795669425353407,0.8517146,TP
981,UIT_motorbiker_629.jpg,3,0.9896933176726231,0.7318287,TP
982,UIT_motorbiker_631.jpg,0,0.9874796272582919,0.9475679,TP
983,UIT_motorbiker_631.jpg,1,0.9819416148166924,0.9342704,TP
984,UIT_motorbiker_631.jpg,2,0.9849193392979957,0.9260878,TP
985,UIT_motorbiker_631.jpg,3,0.9720692309931593,0.774725,TP
986,UIT_motorbiker_642.jpg,0,0.9962958282223221,0.9294148,TP
987,UIT_motorbiker_642.jpg,1,0.9732037298007176,0.9141081,TP
988,UIT_motorbiker_642.jpg,2,0.9899729709147763,0.8830562,TP
989,UIT_motorbiker_642.jpg,3,0.9631206489656918,0.8432229,TP
990,UIT_motorbiker_648.jpg,0,0.9975036284469975,0.9329667,TP
991,UIT_motorbiker_648.jpg,1,0.9511156467645026,0.92253613,TP
992,UIT_motorbiker_648.jpg,2,0.9872369857056307,0.9224383,TP
993,UIT_motorbiker_648.jpg,3,0.9916084670701918,0.9021961,TP
994,UIT_motorbiker_648.jpg,4,0.9752445907239596,0.90083003,TP
995,UIT_motorbiker_648.jpg,5,0.919852871847072,0.8049725,TP
996,UIT_motorbiker_663.jpg,0,0.935587085754624,0.9488368,TP
997,UIT_motorbiker_663.jpg,1,0.9973346608032051,0.92027503,TP
998,UIT_motorbiker_663.jpg,2,0.9561483767164862,0.85492784,TP
999,UIT_motorbiker_671.jpg,0,0.9959747930742917,0.92107713,TP
1000,UIT_motorbiker_671.jpg,1,0.9813326576983853,0.90994155,TP
1001,UIT_motorbiker_671.jpg,2,0.9096476035775614,0.8573452,TP
1002,UIT_motorbiker_671.jpg,3,0.9630290267907887,0.83732986,TP
1003,UIT_motorbiker_679.jpg,0,0.9593176888392047,0.936266,TP
1004,UIT_motorbiker_679.jpg,1,0.9568196025500016,0.91057557,TP
1005,UIT_motorbiker_679.jpg,2,0.9474477402965821,0.8900819,TP
1006,UIT_motorbiker_679.jpg,3,0.9833923035271798,0.8862387,TP
1007,UIT_motorbiker_682.jpg,0,0.9704737625711469,0.9198859,TP
1008,UIT_motorbiker_682.jpg,1,0.9450791493877414,0.90181434,TP
1009,UIT_motorbiker_682.jpg,2,0.9680955528661981,0.85274154,TP
1010,UIT_motorbiker_696.jpg,0,0.9923320959371308,0.9676543,TP
1011,UIT_motorbiker_696.jpg,1,0.983997734524272,0.94532704,TP
1012,UIT_motorbiker_696.jpg,2,0.9925226360720425,0.9121038,TP
1013,UIT_motorbiker_696.jpg,3,0.9897794793449867,0.77387816,TP
1014,UIT_motorbiker_696.jpg,4,0.9622751161309662,0.73242784,TP
1015,UIT_motorbiker_700.jpg,0,0.9843661503541581,0.9249324,TP
1016,UIT_motorbiker_709.jpg,0,0.992347298921023,0.9512506,TP
1017,UIT_motorbiker_709.jpg,1,0.9789918365679817,0.9251551,TP
1018,UIT_motorbiker_709.jpg,2,0.990713659422517,0.92171097,TP
1019,UIT_motorbiker_709.jpg,3,0.9845425859440213,0.90499985,TP
1020,UIT_motorbiker_709.jpg,4,0.6845329352901703,0.75712556,TP
1021,UIT_motorbiker_761.jpg,0,0.9772488110715456,0.9447239,TP
1022,UIT_motorbiker_761.jpg,1,0.9659897177895729,0.9344962,TP
1023,UIT_motorbiker_761.jpg,2,0.9568155406930362,0.912135,TP
1024,UIT_motorbiker_761.jpg,3,0.9669663328574227,0.8208292,TP
1025,UIT_motorbiker_761.jpg,4,0.9248030980552983,0.81785214,TP
1026,UIT_motorbiker_763.jpg,0,0.9503842868613006,0.9451585,TP
1027,UIT_motorbiker_763.jpg,1,0.9587878996723952,0.94171107,TP
1028,UIT_motorbiker_763.jpg,2,0.9933704393514143,0.9298925,TP
1029,UIT_motorbiker_763.jpg,3,0.9654855685316782,0.92432517,TP
1030,UIT_motorbiker_763.jpg,4,0.9857083021040814,0.9018345,TP
1031,UIT_motorbiker_763.jpg,5,0.959978438630546,0.8852348,TP
1032,UIT_motorbiker_765.jpg,0,0.9881857830298977,0.92161906,TP
1033,UIT_motorbiker_765.jpg,1,0.9697788454322387,0.90578586,TP
1034,UIT_motorbiker_765.jpg,2,0.9901058062952587,0.8882288,TP
1035,UIT_motorbiker_765.jpg,3,0.9385439296748906,0.86180633,TP
1036,UIT_motorbiker_765.jpg,4,0.9933055413272551,0.82821876,TP
1037,UIT_motorbiker_765.jpg,5,0.9819326479287174,0.78731513,TP
1038,UIT_motorbiker_778.jpg,0,0.9972538667643094,0.890465,TP
1039,UIT_motorbiker_778.jpg,1,0.9301229006439684,0.7954286,TP
1040,UIT_motorbiker_778.jpg,2,0.48834928410837963,0.7071771,FP
1041,UIT_motorbiker_790.jpg,0,0.9641123513213885,0.9380209,TP
1042,UIT_motorbiker_790.jpg,1,0.92934238021049,0.86200076,TP
1043,UIT_motorbiker_790.jpg,2,0.1398605202444057,0.7565323,FP
1044,UIT_motorbiker_814.jpg,0,0.9533747277783606,0.8513461,TP
1045,UIT_motorbiker_823.jpg,0,0.9915859883196549,0.9273214,TP
1046,UIT_motorbiker_823.jpg,1,0.9967555237416436,0.922095,TP
1047,UIT_motorbiker_823.jpg,2,0.967429248408994,0.88996804,TP
1048,UIT_motorbiker_823.jpg,3,0.9688547710043249,0.85338247,TP
1049,UIT_motorbiker_823.jpg,4,0.926971606346047,0.84853894,TP
1050,UIT_motorbiker_823.jpg,5,0.9580683929275468,0.84548706,TP
1051,UIT_motorbiker_823.jpg,6,0.9554188220057975,0.7889074,TP
1052,UIT_motorbiker_823.jpg,7,0.8256460558256881,0.72206926,TP
1053,UIT_motorbiker_823.jpg,8,0.9910102022117707,0.72118425,TP
1054,UIT_motorbiker_823.jpg,9,0.8969323062926268,0.706431,TP
1055,UIT_motorbiker_840.jpg,0,0.9950020760932109,0.9312063,TP
1056,UIT_motorbiker_840.jpg,1,0.9954027741039017,0.9275489,TP
1057,UIT_motorbiker_840.jpg,2,0.9435190446560487,0.90507185,TP
1058,UIT_motorbiker_840.jpg,3,0.9461615154469347,0.7622459,TP
1059,UIT_motorbiker_863.jpg,0,0.9796166668474279,0.92774016,TP
1060,UIT_motorbiker_863.jpg,1,0.9742473690712888,0.92676526,TP
1061,UIT_motorbiker_863.jpg,2,0.9732145053495591,0.91388434,TP
1062,UIT_motorbiker_863.jpg,3,0.979012560427377,0.76905495,TP
1063,UIT_motorbiker_89.jpg,0,0.9385622854959036,0.94942224,TP
1064,UIT_motorbiker_89.jpg,1,0.9274133848832611,0.9490775,TP
1065,UIT_motorbiker_89.jpg,2,0.933744486511582,0.93629265,TP
1066,UIT_motorbiker_912.jpg,0,0.9919317845725151,0.9383648,TP
1067,UIT_motorbiker_925.jpg,0,0.980178234346794,0.9419725,TP
1068,UIT_motorbiker_925.jpg,1,0.9876065951415729,0.91404605,TP
1069,UIT_motorbiker_948.jpg,0,0.9717585847503492,0.916771,TP
1070,UIT_motorbiker_948.jpg,1,0.9737914927802218,0.86504656,TP
1071,UIT_motorbiker_955.jpg,0,0.9786287205611133,0.9321894,TP
1072,UIT_motorbiker_955.jpg,1,0.9823675241322867,0.92490643,TP
1073,UIT_motorbiker_955.jpg,2,0.9830134078121668,0.919788,TP
1074,UIT_motorbiker_955.jpg,3,0.981095297336969,0.90024227,TP
1075,UIT_motorbiker_955.jpg,4,0.9910777403920467,0.82934666,TP
1076,UIT_motorbiker_971.jpg,0,0.9797234897087664,0.9591244,TP
1077,UIT_motorbiker_971.jpg,1,0.9847913372550525,0.94552284,TP
1078,UIT_motorbiker_971.jpg,2,0.9852647847346998,0.92527384,TP
1079,UIT_motorbiker_971.jpg,3,0.9965475156049578,0.91919035,TP
1080,UIT_motorbiker_971.jpg,4,0.9183090862014716,0.9179971,TP
1081,UIT_motorbiker_971.jpg,5,0.9916870076214647,0.9084779,TP
1082,UIT_motorbiker_971.jpg,6,0.9739870605453496,0.89676106,TP
1083,UIT_motorbiker_971.jpg,7,0.9792004996471533,0.89481664,TP
1084,UIT_motorbiker_971.jpg,8,0.9590292169888723,0.85055083,TP
1085,UIT_motorbiker_971.jpg,9,0.9684957866733647,0.77759147,TP
1086,UIT_motorbiker_971.jpg,10,0.9470018159304843,0.70236325,TP
1087,UIT_motorbiker_987.jpg,0,0.9749908182651486,0.91072124,TP
1088,UIT_motorbiker_987.jpg,1,0.9900544867271607,0.9069634,TP
1089,UIT_motorbiker_988.jpg,0,0.9455196306501693,0.9053685,TP
1090,UIT_motorbiker_988.jpg,1,0.9773734340598562,0.90515476,TP
1091,UIT_motorbiker_988.jpg,2,0.9775325987846771,0.8974488,TP
1092,UIT_motorbiker_988.jpg,3,0.9576746495411683,0.76588756,TP
1093,UIT_motorbiker_988.jpg,4,0.9105189884131613,0.7307453,TP
1094,UIT_motorbiker_992.jpg,0,0.9918012603820184,0.9413661,TP
1095,UIT_motorbiker_992.jpg,1,0.9776867511797928,0.8733367,TP
1096,UIT_motorbiker_992.jpg,2,0.9697696730009626,0.8708724,TP
1097,youtube_0.jpg,0,0.9574020686073023,0.93439674,TP
1098,youtube_103.jpg,0,0.9894080268132707,0.9471314,TP
1099,youtube_103.jpg,1,0.9918841260627924,0.9086835,TP
1100,youtube_108.jpg,0,0.9837043133712562,0.930329,TP
1101,youtube_122.jpg,0,0.981162238055396,0.89524543,TP
1102,youtube_125.jpg,0,0.9786712736807637,0.96090007,TP
1103,youtube_130.jpg,0,0.9903060995309335,0.9342706,TP
1104,youtube_139.jpg,0,0.974699695895788,0.9199672,TP
1105,youtube_139.jpg,1,0.97260971863903,0.8475019,TP
1106,youtube_175.jpg,0,0.9667187506451634,0.9391556,TP
1107,youtube_204.jpg,0,0.9801724678331474,0.9518621,TP
1108,youtube_38.jpg,0,0.9957213021269194,0.9329812,TP
1109,youtube_85.jpg,0,0.9861345643622215,0.96213824,TP
1110,youtube_90.jpg,0,0.9711485531988443,0.8498488,TP
1111,youtube_95.jpg,0,0.9574683223960243,0.9489241,TP
1112,youtube_95.jpg,1,0.8652865947669564,0.9372246,TP
